﻿Designator,Footprint,Quantity,Value,LCSC Part #
C100,CP_EIA-3216-18_Kemet-A,1,10u,
C101,CP_EIA-2012-15_AVX-P,1,22u,
"C200, C201, C204, C205, C206, C207, C208, C209, C210, C214",0402,10,100n,
"C202, C203, C5, C6",0402,4,1u,
"C212, C213",0402,2,15pf,
D1,0805,1,GREEN,
"D2, D3",SOT-23,2,ESDA6V1L,
"D4, D5",D_SMA,2,40V 500mV@3A,
FB3,0805,1,FerriteBead,
J1,USB_C_Receptacle_GCT_USB4125-xx-x_6P_TopMnt_Horizontal,1,USB_C_Receptacle_PowerOnly_6P,
"J2, J3",USB_C_Receptacle_GCT_USB4105-xx-A_16P_TopMnt_Horizontal,2,USB_C_Receptacle_USB2.0_14P,
"J300, J301",DSUB-9_Female_Horizontal_P2.77x2.84mm_EdgePinOffset4.94mm_Housed_MountingHolesOffset4.94mm,2,DE9_Receptacle,
J4,JST_SH_SM03B-SRSS-TB_1x03-1MP_P1.00mm_Horizontal,1,Conn_01x03_MountingPin,
"R1, R202, R203",0402,3,1k,
"R2, R3, R4, R5, R7, R8",0402,6,5K1,
"R200, R201, R205, R206",0402,4,27R,
SW1,SW_SPST_B3U-1000P,1,SW_Push,
U100,SOT-223-3_TabPin2,1,AMS1117-3.3,
U200,QFN-56-1EP_7x7mm_P0.4mm_EP3.2x3.2mm,1,RP2040,
U201,SOIC-8_5.23x5.23mm_P1.27mm,1,W25Q128JVSIQ,
"U300, U301, U302, U303, U304, U305, U306, U307, U308, U309",SOT-353_SC-70-5,10,74AHCT1G125,
Y200,Crystal_SMD_3225-4Pin_3.2x2.5mm,1,ABM8-272-T3,
